Program,Year,Period,Geo Level,State,Ag District,County,Commodity,Data Item,Domain Category,Value
SURVEY,2015,YEAR,COUNTY,IOWA,NORTH CENTRAL,CERRO GORDO,CORN,"CORN, GRAIN - YIELD, MEASURED IN BU / ACRE",NOT SPECIFIED,196.9
SURVEY,2015,YEAR,COUNTY,IOWA,NORTH CENTRAL,CERRO GORDO,SOYBEANS,"SOYBEANS - YIELD, MEASURED IN BU / ACRE",NOT SPECIFIED,58.9
SURVEY,2014,YEAR,COUNTY,IOWA,NORTH CENTRAL,CERRO GORDO,CORN,"CORN, GRAIN - YIELD, MEASURED IN BU / ACRE",NOT SPECIFIED,168.3
SURVEY,2014,YEAR,COUNTY,IOWA,NORTH CENTRAL,CERRO GORDO,SOYBEANS,"SOYBEANS - YIELD, MEASURED IN BU / ACRE",NOT SPECIFIED,50.2
SURVEY,2013,YEAR,COUNTY,IOWA,NORTH CENTRAL,CERRO GORDO,CORN,"CORN, GRAIN - YIELD, MEASURED IN BU / ACRE",NOT SPECIFIED,163.1
SURVEY,2013,YEAR,COUNTY,IOWA,NORTH CENTRAL,CERRO GORDO,SOYBEANS,"SOYBEANS - YIELD, MEASURED IN BU / ACRE",NOT SPECIFIED,40.3
SURVEY,2012,YEAR,COUNTY,IOWA,NORTH CENTRAL,CERRO GORDO,CORN,"CORN, GRAIN - YIELD, MEASURED IN BU / ACRE",NOT SPECIFIED,124.8
SURVEY,2012,YEAR,COUNTY,IOWA,NORTH CENTRAL,CERRO GORDO,SOYBEANS,"SOYBEANS - YIELD, MEASURED IN BU / ACRE",NOT SPECIFIED,42.5
SURVEY,2011,YEAR,COUNTY,IOWA,NORTH CENTRAL,CERRO GORDO,CORN,"CORN, GRAIN - YIELD, MEASURED IN BU / ACRE",NOT SPECIFIED,169.3
SURVEY,2011,YEAR,COUNTY,IOWA,NORTH CENTRAL,CERRO GORDO,SOYBEANS,"SOYBEANS - YIELD, MEASURED IN BU / ACRE",NOT SPECIFIED,47.7
SURVEY,2010,YEAR,COUNTY,IOWA,NORTH CENTRAL,CERRO GORDO,CORN,"CORN, GRAIN - YIELD, MEASURED IN BU / ACRE",NOT SPECIFIED,173
SURVEY,2010,YEAR,COUNTY,IOWA,NORTH CENTRAL,CERRO GORDO,SOYBEANS,"SOYBEANS - YIELD, MEASURED IN BU / ACRE",NOT SPECIFIED,51.5
SURVEY,2009,YEAR,COUNTY,IOWA,NORTH CENTRAL,CERRO GORDO,CORN,"CORN, GRAIN - YIELD, MEASURED IN BU / ACRE",NOT SPECIFIED,169.8
SURVEY,2009,YEAR,COUNTY,IOWA,NORTH CENTRAL,CERRO GORDO,SOYBEANS,"SOYBEANS - YIELD, MEASURED IN BU / ACRE",NOT SPECIFIED,47
SURVEY,2008,YEAR,COUNTY,IOWA,NORTH CENTRAL,CERRO GORDO,CORN,"CORN, GRAIN - YIELD, MEASURED IN BU / ACRE",NOT SPECIFIED,166
SURVEY,2008,YEAR,COUNTY,IOWA,NORTH CENTRAL,CERRO GORDO,SOYBEANS,"SOYBEANS - YIELD, MEASURED IN BU / ACRE",NOT SPECIFIED,45
SURVEY,2007,YEAR,COUNTY,IOWA,NORTH CENTRAL,CERRO GORDO,CORN,"CORN, GRAIN - YIELD, MEASURED IN BU / ACRE",NOT SPECIFIED,173.2
SURVEY,2007,YEAR,COUNTY,IOWA,NORTH CENTRAL,CERRO GORDO,SOYBEANS,"SOYBEANS - YIELD, MEASURED IN BU / ACRE",NOT SPECIFIED,51
SURVEY,2006,YEAR,COUNTY,IOWA,NORTH CENTRAL,CERRO GORDO,CORN,"CORN, GRAIN - YIELD, MEASURED IN BU / ACRE",NOT SPECIFIED,169.1
SURVEY,2006,YEAR,COUNTY,IOWA,NORTH CENTRAL,CERRO GORDO,SOYBEANS,"SOYBEANS - YIELD, MEASURED IN BU / ACRE",NOT SPECIFIED,49.1
SURVEY,2005,YEAR,COUNTY,IOWA,NORTH CENTRAL,CERRO GORDO,CORN,"CORN, GRAIN - YIELD, MEASURED IN BU / ACRE",NOT SPECIFIED,184
SURVEY,2005,YEAR,COUNTY,IOWA,NORTH CENTRAL,CERRO GORDO,SOYBEANS,"SOYBEANS - YIELD, MEASURED IN BU / ACRE",NOT SPECIFIED,52.1
SURVEY,2004,YEAR,COUNTY,IOWA,NORTH CENTRAL,CERRO GORDO,CORN,"CORN, GRAIN - YIELD, MEASURED IN BU / ACRE",NOT SPECIFIED,168.2
SURVEY,2004,YEAR,COUNTY,IOWA,NORTH CENTRAL,CERRO GORDO,SOYBEANS,"SOYBEANS - YIELD, MEASURED IN BU / ACRE",NOT SPECIFIED,44.2
SURVEY,2003,YEAR,COUNTY,IOWA,NORTH CENTRAL,CERRO GORDO,CORN,"CORN, GRAIN - YIELD, MEASURED IN BU / ACRE",NOT SPECIFIED,161.5
SURVEY,2003,YEAR,COUNTY,IOWA,NORTH CENTRAL,CERRO GORDO,SOYBEANS,"SOYBEANS - YIELD, MEASURED IN BU / ACRE",NOT SPECIFIED,29.1
SURVEY,2002,YEAR,COUNTY,IOWA,NORTH CENTRAL,CERRO GORDO,CORN,"CORN, GRAIN - YIELD, MEASURED IN BU / ACRE",NOT SPECIFIED,168.5
SURVEY,2002,YEAR,COUNTY,IOWA,NORTH CENTRAL,CERRO GORDO,SOYBEANS,"SOYBEANS - YIELD, MEASURED IN BU / ACRE",NOT SPECIFIED,45
SURVEY,2001,YEAR,COUNTY,IOWA,NORTH CENTRAL,CERRO GORDO,CORN,"CORN, GRAIN - YIELD, MEASURED IN BU / ACRE",NOT SPECIFIED,146.8
SURVEY,2001,YEAR,COUNTY,IOWA,NORTH CENTRAL,CERRO GORDO,SOYBEANS,"SOYBEANS - YIELD, MEASURED IN BU / ACRE",NOT SPECIFIED,43.9
SURVEY,2000,YEAR,COUNTY,IOWA,NORTH CENTRAL,CERRO GORDO,CORN,"CORN, GRAIN - YIELD, MEASURED IN BU / ACRE",NOT SPECIFIED,149.4
SURVEY,2000,YEAR,COUNTY,IOWA,NORTH CENTRAL,CERRO GORDO,SOYBEANS,"SOYBEANS - YIELD, MEASURED IN BU / ACRE",NOT SPECIFIED,46.9
SURVEY,1999,YEAR,COUNTY,IOWA,NORTH CENTRAL,CERRO GORDO,CORN,"CORN, GRAIN - YIELD, MEASURED IN BU / ACRE",NOT SPECIFIED,144.1
SURVEY,1999,YEAR,COUNTY,IOWA,NORTH CENTRAL,CERRO GORDO,SOYBEANS,"SOYBEANS - YIELD, MEASURED IN BU / ACRE",NOT SPECIFIED,41.4
SURVEY,1998,YEAR,COUNTY,IOWA,NORTH CENTRAL,CERRO GORDO,CORN,"CORN, GRAIN - YIELD, MEASURED IN BU / ACRE",NOT SPECIFIED,146.4
SURVEY,1998,YEAR,COUNTY,IOWA,NORTH CENTRAL,CERRO GORDO,SOYBEANS,"SOYBEANS - YIELD, MEASURED IN BU / ACRE",NOT SPECIFIED,49.1
SURVEY,1997,YEAR,COUNTY,IOWA,NORTH CENTRAL,CERRO GORDO,CORN,"CORN, GRAIN - YIELD, MEASURED IN BU / ACRE",NOT SPECIFIED,146
SURVEY,1997,YEAR,COUNTY,IOWA,NORTH CENTRAL,CERRO GORDO,SOYBEANS,"SOYBEANS - YIELD, MEASURED IN BU / ACRE",NOT SPECIFIED,44.3
SURVEY,1996,YEAR,COUNTY,IOWA,NORTH CENTRAL,CERRO GORDO,CORN,"CORN, GRAIN - YIELD, MEASURED IN BU / ACRE",NOT SPECIFIED,143.7
SURVEY,1996,YEAR,COUNTY,IOWA,NORTH CENTRAL,CERRO GORDO,SOYBEANS,"SOYBEANS - YIELD, MEASURED IN BU / ACRE",NOT SPECIFIED,40.3
SURVEY,1995,YEAR,COUNTY,IOWA,NORTH CENTRAL,CERRO GORDO,CORN,"CORN, GRAIN - YIELD, MEASURED IN BU / ACRE",NOT SPECIFIED,127.1
SURVEY,1995,YEAR,COUNTY,IOWA,NORTH CENTRAL,CERRO GORDO,SOYBEANS,"SOYBEANS - YIELD, MEASURED IN BU / ACRE",NOT SPECIFIED,46.4
SURVEY,1994,YEAR,COUNTY,IOWA,NORTH CENTRAL,CERRO GORDO,CORN,"CORN, GRAIN - YIELD, MEASURED IN BU / ACRE",NOT SPECIFIED,147.6
SURVEY,1994,YEAR,COUNTY,IOWA,NORTH CENTRAL,CERRO GORDO,SOYBEANS,"SOYBEANS - YIELD, MEASURED IN BU / ACRE",NOT SPECIFIED,47.5
SURVEY,1993,YEAR,COUNTY,IOWA,NORTH CENTRAL,CERRO GORDO,CORN,"CORN, GRAIN - YIELD, MEASURED IN BU / ACRE",NOT SPECIFIED,64.8
SURVEY,1993,YEAR,COUNTY,IOWA,NORTH CENTRAL,CERRO GORDO,SOYBEANS,"SOYBEANS - YIELD, MEASURED IN BU / ACRE",NOT SPECIFIED,24.2
SURVEY,1992,YEAR,COUNTY,IOWA,NORTH CENTRAL,CERRO GORDO,CORN,"CORN, GRAIN - YIELD, MEASURED IN BU / ACRE",NOT SPECIFIED,143.7
SURVEY,1992,YEAR,COUNTY,IOWA,NORTH CENTRAL,CERRO GORDO,SOYBEANS,"SOYBEANS - YIELD, MEASURED IN BU / ACRE",NOT SPECIFIED,42.2
SURVEY,1991,YEAR,COUNTY,IOWA,NORTH CENTRAL,CERRO GORDO,CORN,"CORN, GRAIN - YIELD, MEASURED IN BU / ACRE",NOT SPECIFIED,120
SURVEY,1991,YEAR,COUNTY,IOWA,NORTH CENTRAL,CERRO GORDO,SOYBEANS,"SOYBEANS - YIELD, MEASURED IN BU / ACRE",NOT SPECIFIED,37.5
SURVEY,1990,YEAR,COUNTY,IOWA,NORTH CENTRAL,CERRO GORDO,CORN,"CORN, GRAIN - YIELD, MEASURED IN BU / ACRE",NOT SPECIFIED,136.8
SURVEY,1990,YEAR,COUNTY,IOWA,NORTH CENTRAL,CERRO GORDO,SOYBEANS,"SOYBEANS - YIELD, MEASURED IN BU / ACRE",NOT SPECIFIED,44
SURVEY,1989,YEAR,COUNTY,IOWA,NORTH CENTRAL,CERRO GORDO,CORN,"CORN, GRAIN - YIELD, MEASURED IN BU / ACRE",NOT SPECIFIED,97
SURVEY,1989,YEAR,COUNTY,IOWA,NORTH CENTRAL,CERRO GORDO,SOYBEANS,"SOYBEANS - YIELD, MEASURED IN BU / ACRE",NOT SPECIFIED,31.5
SURVEY,1988,YEAR,COUNTY,IOWA,NORTH CENTRAL,CERRO GORDO,CORN,"CORN, GRAIN - YIELD, MEASURED IN BU / ACRE",NOT SPECIFIED,100.2
SURVEY,1988,YEAR,COUNTY,IOWA,NORTH CENTRAL,CERRO GORDO,SOYBEANS,"SOYBEANS - YIELD, MEASURED IN BU / ACRE",NOT SPECIFIED,34.1
SURVEY,1987,YEAR,COUNTY,IOWA,NORTH CENTRAL,CERRO GORDO,CORN,"CORN, GRAIN - YIELD, MEASURED IN BU / ACRE",NOT SPECIFIED,133
SURVEY,1987,YEAR,COUNTY,IOWA,NORTH CENTRAL,CERRO GORDO,SOYBEANS,"SOYBEANS - YIELD, MEASURED IN BU / ACRE",NOT SPECIFIED,43.5
SURVEY,1986,YEAR,COUNTY,IOWA,NORTH CENTRAL,CERRO GORDO,CORN,"CORN, GRAIN - YIELD, MEASURED IN BU / ACRE",NOT SPECIFIED,144.7
SURVEY,1986,YEAR,COUNTY,IOWA,NORTH CENTRAL,CERRO GORDO,SOYBEANS,"SOYBEANS - YIELD, MEASURED IN BU / ACRE",NOT SPECIFIED,41.2
SURVEY,1985,YEAR,COUNTY,IOWA,NORTH CENTRAL,CERRO GORDO,CORN,"CORN, GRAIN - YIELD, MEASURED IN BU / ACRE",NOT SPECIFIED,125.8
SURVEY,1985,YEAR,COUNTY,IOWA,NORTH CENTRAL,CERRO GORDO,SOYBEANS,"SOYBEANS - YIELD, MEASURED IN BU / ACRE",NOT SPECIFIED,34.2
SURVEY,1984,YEAR,COUNTY,IOWA,NORTH CENTRAL,CERRO GORDO,CORN,"CORN, GRAIN - YIELD, MEASURED IN BU / ACRE",NOT SPECIFIED,111.9
SURVEY,1984,YEAR,COUNTY,IOWA,NORTH CENTRAL,CERRO GORDO,SOYBEANS,"SOYBEANS - YIELD, MEASURED IN BU / ACRE",NOT SPECIFIED,30.2
SURVEY,1983,YEAR,COUNTY,IOWA,NORTH CENTRAL,CERRO GORDO,CORN,"CORN, GRAIN - YIELD, MEASURED IN BU / ACRE",NOT SPECIFIED,109.3
SURVEY,1983,YEAR,COUNTY,IOWA,NORTH CENTRAL,CERRO GORDO,SOYBEANS,"SOYBEANS - YIELD, MEASURED IN BU / ACRE",NOT SPECIFIED,37
SURVEY,1982,YEAR,COUNTY,IOWA,NORTH CENTRAL,CERRO GORDO,CORN,"CORN, GRAIN - YIELD, MEASURED IN BU / ACRE",NOT SPECIFIED,126.9
SURVEY,1982,YEAR,COUNTY,IOWA,NORTH CENTRAL,CERRO GORDO,SOYBEANS,"SOYBEANS - YIELD, MEASURED IN BU / ACRE",NOT SPECIFIED,35.9
SURVEY,1981,YEAR,COUNTY,IOWA,NORTH CENTRAL,CERRO GORDO,CORN,"CORN, GRAIN - YIELD, MEASURED IN BU / ACRE",NOT SPECIFIED,134.1
SURVEY,1981,YEAR,COUNTY,IOWA,NORTH CENTRAL,CERRO GORDO,SOYBEANS,"SOYBEANS - YIELD, MEASURED IN BU / ACRE",NOT SPECIFIED,34.2
SURVEY,1980,YEAR,COUNTY,IOWA,NORTH CENTRAL,CERRO GORDO,CORN,"CORN, GRAIN - YIELD, MEASURED IN BU / ACRE",NOT SPECIFIED,130.2
SURVEY,1980,YEAR,COUNTY,IOWA,NORTH CENTRAL,CERRO GORDO,SOYBEANS,"SOYBEANS - YIELD, MEASURED IN BU / ACRE",NOT SPECIFIED,37.8
SURVEY,1979,YEAR,COUNTY,IOWA,NORTH CENTRAL,CERRO GORDO,CORN,"CORN, GRAIN - YIELD, MEASURED IN BU / ACRE",NOT SPECIFIED,131.8
SURVEY,1979,YEAR,COUNTY,IOWA,NORTH CENTRAL,CERRO GORDO,SOYBEANS,"SOYBEANS - YIELD, MEASURED IN BU / ACRE",NOT SPECIFIED,36.4
SURVEY,1978,YEAR,COUNTY,IOWA,NORTH CENTRAL,CERRO GORDO,CORN,"CORN, GRAIN - YIELD, MEASURED IN BU / ACRE",NOT SPECIFIED,119.9
SURVEY,1978,YEAR,COUNTY,IOWA,NORTH CENTRAL,CERRO GORDO,SOYBEANS,"SOYBEANS - YIELD, MEASURED IN BU / ACRE",NOT SPECIFIED,35.7
SURVEY,1977,YEAR,COUNTY,IOWA,NORTH CENTRAL,CERRO GORDO,CORN,"CORN, GRAIN - YIELD, MEASURED IN BU / ACRE",NOT SPECIFIED,104.3
SURVEY,1977,YEAR,COUNTY,IOWA,NORTH CENTRAL,CERRO GORDO,SOYBEANS,"SOYBEANS - YIELD, MEASURED IN BU / ACRE",NOT SPECIFIED,37.1
SURVEY,1976,YEAR,COUNTY,IOWA,NORTH CENTRAL,CERRO GORDO,CORN,"CORN, GRAIN - YIELD, MEASURED IN BU / ACRE",NOT SPECIFIED,93.9
SURVEY,1976,YEAR,COUNTY,IOWA,NORTH CENTRAL,CERRO GORDO,SOYBEANS,"SOYBEANS - YIELD, MEASURED IN BU / ACRE",NOT SPECIFIED,32.1
SURVEY,1975,YEAR,COUNTY,IOWA,NORTH CENTRAL,CERRO GORDO,CORN,"CORN, GRAIN - YIELD, MEASURED IN BU / ACRE",NOT SPECIFIED,93.3
SURVEY,1975,YEAR,COUNTY,IOWA,NORTH CENTRAL,CERRO GORDO,SOYBEANS,"SOYBEANS - YIELD, MEASURED IN BU / ACRE",NOT SPECIFIED,33.2
SURVEY,1974,YEAR,COUNTY,IOWA,NORTH CENTRAL,CERRO GORDO,CORN,"CORN, GRAIN - YIELD, MEASURED IN BU / ACRE",NOT SPECIFIED,87.9
SURVEY,1974,YEAR,COUNTY,IOWA,NORTH CENTRAL,CERRO GORDO,SOYBEANS,"SOYBEANS - YIELD, MEASURED IN BU / ACRE",NOT SPECIFIED,28
SURVEY,1973,YEAR,COUNTY,IOWA,NORTH CENTRAL,CERRO GORDO,CORN,"CORN, GRAIN - YIELD, MEASURED IN BU / ACRE",NOT SPECIFIED,105.2
SURVEY,1973,YEAR,COUNTY,IOWA,NORTH CENTRAL,CERRO GORDO,SOYBEANS,"SOYBEANS - YIELD, MEASURED IN BU / ACRE",NOT SPECIFIED,32
SURVEY,1972,YEAR,COUNTY,IOWA,NORTH CENTRAL,CERRO GORDO,CORN,"CORN, GRAIN - YIELD, MEASURED IN BU / ACRE",NOT SPECIFIED,115.2
SURVEY,1972,YEAR,COUNTY,IOWA,NORTH CENTRAL,CERRO GORDO,SOYBEANS,"SOYBEANS - YIELD, MEASURED IN BU / ACRE",NOT SPECIFIED,35
SURVEY,1971,YEAR,COUNTY,IOWA,NORTH CENTRAL,CERRO GORDO,CORN,"CORN, GRAIN - YIELD, MEASURED IN BU / ACRE",NOT SPECIFIED,104
SURVEY,1971,YEAR,COUNTY,IOWA,NORTH CENTRAL,CERRO GORDO,SOYBEANS,"SOYBEANS - YIELD, MEASURED IN BU / ACRE",NOT SPECIFIED,29.5
SURVEY,1970,YEAR,COUNTY,IOWA,NORTH CENTRAL,CERRO GORDO,CORN,"CORN, GRAIN - YIELD, MEASURED IN BU / ACRE",NOT SPECIFIED,101.6
SURVEY,1970,YEAR,COUNTY,IOWA,NORTH CENTRAL,CERRO GORDO,SOYBEANS,"SOYBEANS - YIELD, MEASURED IN BU / ACRE",NOT SPECIFIED,32.6
SURVEY,1969,YEAR,COUNTY,IOWA,NORTH CENTRAL,CERRO GORDO,CORN,"CORN, GRAIN - YIELD, MEASURED IN BU / ACRE",NOT SPECIFIED,98
SURVEY,1969,YEAR,COUNTY,IOWA,NORTH CENTRAL,CERRO GORDO,SOYBEANS,"SOYBEANS - YIELD, MEASURED IN BU / ACRE",NOT SPECIFIED,30.9
SURVEY,1968,YEAR,COUNTY,IOWA,NORTH CENTRAL,CERRO GORDO,CORN,"CORN, GRAIN - YIELD, MEASURED IN BU / ACRE",NOT SPECIFIED,105.6
SURVEY,1968,YEAR,COUNTY,IOWA,NORTH CENTRAL,CERRO GORDO,SOYBEANS,"SOYBEANS - YIELD, MEASURED IN BU / ACRE",NOT SPECIFIED,32
SURVEY,1967,YEAR,COUNTY,IOWA,NORTH CENTRAL,CERRO GORDO,CORN,"CORN, GRAIN - YIELD, MEASURED IN BU / ACRE",NOT SPECIFIED,97
SURVEY,1967,YEAR,COUNTY,IOWA,NORTH CENTRAL,CERRO GORDO,SOYBEANS,"SOYBEANS - YIELD, MEASURED IN BU / ACRE",NOT SPECIFIED,28.8
SURVEY,1966,YEAR,COUNTY,IOWA,NORTH CENTRAL,CERRO GORDO,CORN,"CORN, GRAIN - YIELD, MEASURED IN BU / ACRE",NOT SPECIFIED,95.3
SURVEY,1966,YEAR,COUNTY,IOWA,NORTH CENTRAL,CERRO GORDO,SOYBEANS,"SOYBEANS - YIELD, MEASURED IN BU / ACRE",NOT SPECIFIED,27.5
SURVEY,1965,YEAR,COUNTY,IOWA,NORTH CENTRAL,CERRO GORDO,CORN,"CORN, GRAIN - YIELD, MEASURED IN BU / ACRE",NOT SPECIFIED,81.4
SURVEY,1965,YEAR,COUNTY,IOWA,NORTH CENTRAL,CERRO GORDO,SOYBEANS,"SOYBEANS - YIELD, MEASURED IN BU / ACRE",NOT SPECIFIED,24.9
SURVEY,1964,YEAR,COUNTY,IOWA,NORTH CENTRAL,CERRO GORDO,CORN,"CORN, GRAIN - YIELD, MEASURED IN BU / ACRE",NOT SPECIFIED,75.1
SURVEY,1964,YEAR,COUNTY,IOWA,NORTH CENTRAL,CERRO GORDO,SOYBEANS,"SOYBEANS - YIELD, MEASURED IN BU / ACRE",NOT SPECIFIED,25.7
SURVEY,1963,YEAR,COUNTY,IOWA,NORTH CENTRAL,CERRO GORDO,CORN,"CORN, GRAIN - YIELD, MEASURED IN BU / ACRE",NOT SPECIFIED,76.3
SURVEY,1963,YEAR,COUNTY,IOWA,NORTH CENTRAL,CERRO GORDO,SOYBEANS,"SOYBEANS - YIELD, MEASURED IN BU / ACRE",NOT SPECIFIED,26.9
SURVEY,1962,YEAR,COUNTY,IOWA,NORTH CENTRAL,CERRO GORDO,CORN,"CORN, GRAIN - YIELD, MEASURED IN BU / ACRE",NOT SPECIFIED,73.3
SURVEY,1962,YEAR,COUNTY,IOWA,NORTH CENTRAL,CERRO GORDO,SOYBEANS,"SOYBEANS - YIELD, MEASURED IN BU / ACRE",NOT SPECIFIED,24.3
SURVEY,1961,YEAR,COUNTY,IOWA,NORTH CENTRAL,CERRO GORDO,CORN,"CORN, GRAIN - YIELD, MEASURED IN BU / ACRE",NOT SPECIFIED,73.5
SURVEY,1961,YEAR,COUNTY,IOWA,NORTH CENTRAL,CERRO GORDO,SOYBEANS,"SOYBEANS - YIELD, MEASURED IN BU / ACRE",NOT SPECIFIED,25.8
SURVEY,1960,YEAR,COUNTY,IOWA,NORTH CENTRAL,CERRO GORDO,CORN,"CORN, GRAIN - YIELD, MEASURED IN BU / ACRE",NOT SPECIFIED,65.9
SURVEY,1960,YEAR,COUNTY,IOWA,NORTH CENTRAL,CERRO GORDO,SOYBEANS,"SOYBEANS - YIELD, MEASURED IN BU / ACRE",NOT SPECIFIED,24.5
SURVEY,1959,YEAR,COUNTY,IOWA,NORTH CENTRAL,CERRO GORDO,CORN,"CORN, GRAIN - YIELD, MEASURED IN BU / ACRE",NOT SPECIFIED,65
SURVEY,1959,YEAR,COUNTY,IOWA,NORTH CENTRAL,CERRO GORDO,SOYBEANS,"SOYBEANS - YIELD, MEASURED IN BU / ACRE",NOT SPECIFIED,24.6
SURVEY,1958,YEAR,COUNTY,IOWA,NORTH CENTRAL,CERRO GORDO,CORN,"CORN, GRAIN - YIELD, MEASURED IN BU / ACRE",NOT SPECIFIED,62.7
SURVEY,1958,YEAR,COUNTY,IOWA,NORTH CENTRAL,CERRO GORDO,SOYBEANS,"SOYBEANS - YIELD, MEASURED IN BU / ACRE",NOT SPECIFIED,19.9
SURVEY,1957,YEAR,COUNTY,IOWA,NORTH CENTRAL,CERRO GORDO,CORN,"CORN, GRAIN - YIELD, MEASURED IN BU / ACRE",NOT SPECIFIED,58.4
SURVEY,1957,YEAR,COUNTY,IOWA,NORTH CENTRAL,CERRO GORDO,SOYBEANS,"SOYBEANS - YIELD, MEASURED IN BU / ACRE",NOT SPECIFIED,23.5
SURVEY,1956,YEAR,COUNTY,IOWA,NORTH CENTRAL,CERRO GORDO,CORN,"CORN, GRAIN - YIELD, MEASURED IN BU / ACRE",NOT SPECIFIED,66.4
SURVEY,1956,YEAR,COUNTY,IOWA,NORTH CENTRAL,CERRO GORDO,SOYBEANS,"SOYBEANS - YIELD, MEASURED IN BU / ACRE",NOT SPECIFIED,21.2
SURVEY,1955,YEAR,COUNTY,IOWA,NORTH CENTRAL,CERRO GORDO,CORN,"CORN, GRAIN - YIELD, MEASURED IN BU / ACRE",NOT SPECIFIED,46.2
SURVEY,1955,YEAR,COUNTY,IOWA,NORTH CENTRAL,CERRO GORDO,SOYBEANS,"SOYBEANS - YIELD, MEASURED IN BU / ACRE",NOT SPECIFIED,15.5
SURVEY,1954,YEAR,COUNTY,IOWA,NORTH CENTRAL,CERRO GORDO,CORN,"CORN, GRAIN - YIELD, MEASURED IN BU / ACRE",NOT SPECIFIED,60.3
SURVEY,1954,YEAR,COUNTY,IOWA,NORTH CENTRAL,CERRO GORDO,SOYBEANS,"SOYBEANS - YIELD, MEASURED IN BU / ACRE",NOT SPECIFIED,22.6
SURVEY,1953,YEAR,COUNTY,IOWA,NORTH CENTRAL,CERRO GORDO,CORN,"CORN, GRAIN - YIELD, MEASURED IN BU / ACRE",NOT SPECIFIED,56.3
SURVEY,1953,YEAR,COUNTY,IOWA,NORTH CENTRAL,CERRO GORDO,SOYBEANS,"SOYBEANS - YIELD, MEASURED IN BU / ACRE",NOT SPECIFIED,20.8
SURVEY,1952,YEAR,COUNTY,IOWA,NORTH CENTRAL,CERRO GORDO,CORN,"CORN, GRAIN - YIELD, MEASURED IN BU / ACRE",NOT SPECIFIED,63.3
SURVEY,1952,YEAR,COUNTY,IOWA,NORTH CENTRAL,CERRO GORDO,SOYBEANS,"SOYBEANS - YIELD, MEASURED IN BU / ACRE",NOT SPECIFIED,22.5
SURVEY,1951,YEAR,COUNTY,IOWA,NORTH CENTRAL,CERRO GORDO,CORN,"CORN, GRAIN - YIELD, MEASURED IN BU / ACRE",NOT SPECIFIED,41.3
SURVEY,1951,YEAR,COUNTY,IOWA,NORTH CENTRAL,CERRO GORDO,SOYBEANS,"SOYBEANS - YIELD, MEASURED IN BU / ACRE",NOT SPECIFIED,13.9
SURVEY,1950,YEAR,COUNTY,IOWA,NORTH CENTRAL,CERRO GORDO,CORN,"CORN, GRAIN - YIELD, MEASURED IN BU / ACRE",NOT SPECIFIED,42.9
SURVEY,1950,YEAR,COUNTY,IOWA,NORTH CENTRAL,CERRO GORDO,SOYBEANS,"SOYBEANS - YIELD, MEASURED IN BU / ACRE",NOT SPECIFIED,16.4
SURVEY,1949,YEAR,COUNTY,IOWA,NORTH CENTRAL,CERRO GORDO,CORN,"CORN, GRAIN - YIELD, MEASURED IN BU / ACRE",NOT SPECIFIED,44.4
SURVEY,1949,YEAR,COUNTY,IOWA,NORTH CENTRAL,CERRO GORDO,SOYBEANS,"SOYBEANS - YIELD, MEASURED IN BU / ACRE",NOT SPECIFIED,19.5
SURVEY,1948,YEAR,COUNTY,IOWA,NORTH CENTRAL,CERRO GORDO,CORN,"CORN, GRAIN - YIELD, MEASURED IN BU / ACRE",NOT SPECIFIED,51
SURVEY,1948,YEAR,COUNTY,IOWA,NORTH CENTRAL,CERRO GORDO,SOYBEANS,"SOYBEANS - YIELD, MEASURED IN BU / ACRE",NOT SPECIFIED,16.8
SURVEY,1947,YEAR,COUNTY,IOWA,NORTH CENTRAL,CERRO GORDO,CORN,"CORN, GRAIN - YIELD, MEASURED IN BU / ACRE",NOT SPECIFIED,32.2
SURVEY,1947,YEAR,COUNTY,IOWA,NORTH CENTRAL,CERRO GORDO,SOYBEANS,"SOYBEANS - YIELD, MEASURED IN BU / ACRE",NOT SPECIFIED,15.4
SURVEY,1946,YEAR,COUNTY,IOWA,NORTH CENTRAL,CERRO GORDO,CORN,"CORN, GRAIN - YIELD, MEASURED IN BU / ACRE",NOT SPECIFIED,56.3
SURVEY,1946,YEAR,COUNTY,IOWA,NORTH CENTRAL,CERRO GORDO,SOYBEANS,"SOYBEANS - YIELD, MEASURED IN BU / ACRE",NOT SPECIFIED,20.3
SURVEY,1945,YEAR,COUNTY,IOWA,NORTH CENTRAL,CERRO GORDO,CORN,"CORN, GRAIN - YIELD, MEASURED IN BU / ACRE",NOT SPECIFIED,39.8
SURVEY,1945,YEAR,COUNTY,IOWA,NORTH CENTRAL,CERRO GORDO,SOYBEANS,"SOYBEANS - YIELD, MEASURED IN BU / ACRE",NOT SPECIFIED,16.1
SURVEY,1944,YEAR,COUNTY,IOWA,NORTH CENTRAL,CERRO GORDO,CORN,"CORN, GRAIN - YIELD, MEASURED IN BU / ACRE",NOT SPECIFIED,49.8
SURVEY,1944,YEAR,COUNTY,IOWA,NORTH CENTRAL,CERRO GORDO,SOYBEANS,"SOYBEANS - YIELD, MEASURED IN BU / ACRE",NOT SPECIFIED,18.6
SURVEY,1943,YEAR,COUNTY,IOWA,NORTH CENTRAL,CERRO GORDO,CORN,"CORN, GRAIN - YIELD, MEASURED IN BU / ACRE",NOT SPECIFIED,56.6
SURVEY,1943,YEAR,COUNTY,IOWA,NORTH CENTRAL,CERRO GORDO,SOYBEANS,"SOYBEANS - YIELD, MEASURED IN BU / ACRE",NOT SPECIFIED,18.8
SURVEY,1942,YEAR,COUNTY,IOWA,NORTH CENTRAL,CERRO GORDO,CORN,"CORN, GRAIN - YIELD, MEASURED IN BU / ACRE",NOT SPECIFIED,56.3
SURVEY,1942,YEAR,COUNTY,IOWA,NORTH CENTRAL,CERRO GORDO,SOYBEANS,"SOYBEANS - YIELD, MEASURED IN BU / ACRE",NOT SPECIFIED,17.7
SURVEY,1941,YEAR,COUNTY,IOWA,NORTH CENTRAL,CERRO GORDO,CORN,"CORN, GRAIN - YIELD, MEASURED IN BU / ACRE",NOT SPECIFIED,46.5
SURVEY,1941,YEAR,COUNTY,IOWA,NORTH CENTRAL,CERRO GORDO,SOYBEANS,"SOYBEANS - YIELD, MEASURED IN BU / ACRE",NOT SPECIFIED,14.9
SURVEY,1940,YEAR,COUNTY,IOWA,NORTH CENTRAL,CERRO GORDO,CORN,"CORN, GRAIN - YIELD, MEASURED IN BU / ACRE",NOT SPECIFIED,51.8
SURVEY,1940,YEAR,COUNTY,IOWA,NORTH CENTRAL,CERRO GORDO,SOYBEANS,"SOYBEANS - YIELD, MEASURED IN BU / ACRE",NOT SPECIFIED,19.6
